0,2230,550509,103.6801367,1.34187317,64.1,-1508042.05,6195570.89,148364.87
1,2230,550510,103.6801367,1.34187317,64.1,-1508042.04,6195570.88,148364.86
2,2230,550511,103.6801367,1.34187333,64.2,-1508042.07,6195570.95,148364.88
3,2230,550512,103.6801367,1.34187333,64.2,-1508042.08,6195571,148364.88
4,2230,550513,103.6801367,1.34187333,64.3,-1508042.09,6195571.02,148364.88
5,2230,550514,103.6801368,1.34187333,64.3,-1508042.1,6195571.05,148364.88
6,2230,550515,103.6801368,1.34187333,64.3,-1508042.11,6195571.07,148364.89
7,2230,550516,103.6801372,1.34187333,64.3,-1508042.14,6195571.06,148364.88
8,2230,550517,103.6801373,1.34187317,64.3,-1508042.16,6195571.03,148364.87
9,2230,550518,103.6801377,1.341873,64.2,-1508042.18,6195570.98,148364.86
10,2230,550519,103.6801378,1.341873,64.2,-1508042.2,6195570.93,148364.85
11,2230,550520,103.6801378,1.341873,64.2,-1508042.19,6195570.9,148364.85
12,2230,550521,103.680138,1.341873,64.2,-1508042.2,6195570.88,148364.85
13,2230,550522,103.6801378,1.341873,64.1,-1508042.18,6195570.87,148364.84
14,2230,550523,103.6801378,1.34187283,64.1,-1508042.18,6195570.85,148364.83
15,2230,550524,103.6801378,1.34187267,64.1,-1508042.17,6195570.81,148364.81
16,2230,550525,103.6801378,1.34187267,64,-1508042.15,6195570.77,148364.8
17,2230,550526,103.6801375,1.34187267,64,-1508042.12,6195570.74,148364.8
18,2230,550527,103.6801373,1.3418725,64,-1508042.09,6195570.73,148364.79
19,2230,550528,103.6801372,1.3418725,64,-1508042.07,6195570.72,148364.79
20,2230,550529,103.6801372,1.3418725,63.9,-1508042.05,6195570.68,148364.79
21,2230,550530,103.680137,1.3418725,63.9,-1508042.03,6195570.66,148364.78
22,2230,550531,103.680137,1.3418725,63.9,-1508042.02,6195570.63,148364.78
23,2230,550532,103.680137,1.34187233,63.9,-1508042.03,6195570.62,148364.78
24,2230,550533,103.6801372,1.3418725,63.8,-1508042.04,6195570.6,148364.78
25,2230,550534,103.6801373,1.34187267,63.8,-1508042.05,6195570.59,148364.79
26,2230,550535,103.6801375,1.34187283,63.8,-1508042.07,6195570.6,148364.81
27,2230,550536,103.6801375,1.34187283,63.9,-1508042.09,6195570.61,148364.82
28,2230,550537,103.6801372,1.341873,63.9,-1508042.07,6195570.7,148364.85
29,2230,550538,103.6801373,1.34187317,64,-1508042.08,6195570.71,148364.86
30,2230,550539,103.6801375,1.34187317,64,-1508042.11,6195570.74,148364.86
31,2230,550540,103.6801378,1.34187317,64,-1508042.15,6195570.71,148364.85
32,2230,550541,103.6801378,1.34187317,64,-1508042.15,6195570.7,148364.86
33,2230,550542,103.6801382,1.34187317,63.9,-1508042.17,6195570.67,148364.85
34,2230,550543,103.6801385,1.341873,63.9,-1508042.2,6195570.63,148364.84
35,2230,550544,103.6801388,1.34187283,63.9,-1508042.23,6195570.61,148364.83
36,2230,550545,103.6801392,1.34187283,63.9,-1508042.26,6195570.56,148364.83
37,2230,550546,103.6801385,1.34187333,63.9,-1508042.2,6195570.59,148364.88
38,2230,550547,103.6801388,1.3418735,63.9,-1508042.23,6195570.61,148364.89
39,2230,550548,103.680139,1.3418735,63.9,-1508042.26,6195570.64,148364.9
40,2230,550549,103.6801392,1.34187367,64,-1508042.28,6195570.65,148364.91
41,2230,550550,103.6801393,1.3418735,63.9,-1508042.28,6195570.63,148364.9
42,2230,550551,103.6801393,1.3418735,63.9,-1508042.28,6195570.62,148364.89
43,2230,550552,103.6801395,1.34187333,63.9,-1508042.29,6195570.59,148364.87
44,2230,550553,103.6801397,1.341873,63.9,-1508042.3,6195570.55,148364.85
45,2230,550554,103.6801397,1.341873,63.9,-1508042.31,6195570.54,148364.84
46,2230,550555,103.6801398,1.341873,63.9,-1508042.32,6195570.54,148364.84
47,2230,550556,103.6801398,1.34187283,63.9,-1508042.33,6195570.56,148364.83
48,2230,550557,103.6801398,1.34187283,63.9,-1508042.34,6195570.55,148364.82
49,2230,550558,103.68014,1.34187283,63.9,-1508042.35,6195570.56,148364.82
50,2230,550559,103.6801402,1.34187267,63.9,-1508042.38,6195570.57,148364.81
51,2230,550560,103.6801403,1.34187267,63.9,-1508042.4,6195570.57,148364.81
52,2230,550561,103.6801405,1.34187267,63.9,-1508042.41,6195570.56,148364.8
53,2230,550562,103.6801407,1.34187267,63.9,-1508042.43,6195570.57,148364.8
54,2230,550563,103.6801407,1.3418725,63.9,-1508042.45,6195570.61,148364.79
55,2230,550564,103.6801408,1.3418725,64,-1508042.47,6195570.64,148364.78
56,2230,550565,103.6801408,1.34187233,64,-1508042.46,6195570.63,148364.77
57,2230,550566,103.6801408,1.34187233,64,-1508042.47,6195570.65,148364.76
58,2230,550567,103.6801408,1.34187217,64,-1508042.47,6195570.66,148364.75
59,2230,550568,103.6801408,1.34187217,64,-1508042.47,6195570.69,148364.75
60,2230,550569,103.6801408,1.34187217,64,-1508042.47,6195570.69,148364.75
61,2230,550570,103.6801407,1.341872,64,-1508042.45,6195570.68,148364.74
62,2230,550571,103.6801405,1.341872,64,-1508042.44,6195570.68,148364.74
63,2230,550572,103.6801405,1.341872,64,-1508042.44,6195570.67,148364.73
64,2230,550573,103.6801405,1.341872,64,-1508042.44,6195570.67,148364.72
65,2230,550574,103.6801405,1.341872,64,-1508042.44,6195570.66,148364.73
66,2230,550575,103.6801405,1.341872,64,-1508042.43,6195570.68,148364.73
67,2230,550576,103.6801403,1.341872,64.1,-1508042.44,6195570.72,148364.73
68,2230,550577,103.6801403,1.341872,64.1,-1508042.44,6195570.74,148364.74
69,2230,550578,103.6801403,1.341872,64.1,-1508042.44,6195570.76,148364.74
70,2230,550579,103.6801403,1.341872,64.1,-1508042.44,6195570.78,148364.73
71,2230,550580,103.6801403,1.341872,64.1,-1508042.44,6195570.8,148364.73
72,2230,550581,103.6801403,1.34187217,64.2,-1508042.45,6195570.83,148364.75
73,2230,550582,103.6801402,1.34187217,64.2,-1508042.44,6195570.84,148364.75
74,2230,550583,103.68014,1.34187217,64.2,-1508042.43,6195570.86,148364.76
75,2230,550584,103.68014,1.34187217,64.2,-1508042.42,6195570.86,148364.76
76,2230,550585,103.6801398,1.34187233,64.2,-1508042.41,6195570.88,148364.77
77,2230,550586,103.6801397,1.34187233,64.2,-1508042.4,6195570.9,148364.78
78,2230,550587,103.6801395,1.3418725,64.2,-1508042.38,6195570.92,148364.79
79,2230,550588,103.6801393,1.3418725,64.2,-1508042.37,6195570.93,148364.79
80,2230,550589,103.6801392,1.3418725,64.2,-1508042.35,6195570.94,148364.79
81,2230,550590,103.680139,1.3418725,64.3,-1508042.34,6195570.95,148364.79
82,2230,550591,103.680139,1.3418725,64.3,-1508042.33,6195570.96,148364.79
83,2230,550592,103.6801387,1.3418725,64.3,-1508042.3,6195570.96,148364.79
84,2230,550593,103.6801385,1.34187267,64.2,-1508042.27,6195570.94,148364.81
85,2230,550594,103.6801383,1.34187267,64.2,-1508042.24,6195570.9,148364.81
86,2230,550595,103.6801382,1.34187267,64.2,-1508042.23,6195570.9,148364.81
87,2230,550596,103.6801382,1.34187267,64.2,-1508042.21,6195570.89,148364.82
88,2230,550597,103.680138,1.34187283,64.2,-1508042.2,6195570.88,148364.83
89,2230,550598,103.6801378,1.341873,64.2,-1508042.19,6195570.9,148364.84
90,2230,550599,103.6801378,1.34187283,64.2,-1508042.19,6195570.94,148364.84
91,2230,550600,103.6801378,1.341873,64.3,-1508042.2,6195570.98,148364.85
92,2230,550601,103.6801378,1.341873,64.3,-1508042.2,6195570.99,148364.85
93,2230,550602,103.6801377,1.341873,64.3,-1508042.19,6195571,148364.86
94,2230,550603,103.6801378,1.341873,64.3,-1508042.2,6195570.99,148364.85
95,2230,550604,103.6801378,1.341873,64.3,-1508042.21,6195570.98,148364.85
96,2230,550605,103.6801378,1.341873,64.2,-1508042.21,6195570.96,148364.85
97,2230,550606,103.6801377,1.34187317,64.2,-1508042.19,6195570.96,148364.86
98,2230,550607,103.6801377,1.34187317,64.3,-1508042.2,6195570.99,148364.86
99,2230,550608,103.6801377,1.34187333,64.3,-1508042.19,6195571.01,148364.88
100,2230,550609,103.6801375,1.34187333,64.3,-1508042.18,6195571.02,148364.89
101,2230,550610,103.6801375,1.3418735,64.3,-1508042.17,6195571.02,148364.91
102,2230,550611,103.6801373,1.34187367,64.3,-1508042.17,6195571.06,148364.92
103,2230,550612,103.6801373,1.34187367,64.4,-1508042.18,6195571.09,148364.93
104,2230,550613,103.6801373,1.34187367,64.4,-1508042.18,6195571.09,148364.93
105,2230,550614,103.6801373,1.34187383,64.4,-1508042.18,6195571.1,148364.94
106,2230,550615,103.6801373,1.34187383,64.4,-1508042.19,6195571.12,148364.94
107,2230,550616,103.6801373,1.34187367,64.4,-1508042.19,6195571.12,148364.93
108,2230,550617,103.6801375,1.34187383,64.4,-1508042.2,6195571.11,148364.94
109,2230,550618,103.6801375,1.34187383,64.4,-1508042.19,6195571.09,148364.94
110,2230,550619,103.6801375,1.341874,64.4,-1508042.19,6195571.09,148364.96
111,2230,550620,103.6801373,1.341874,64.3,-1508042.17,6195571.08,148364.97
112,2230,550621,103.6801372,1.34187417,64.3,-1508042.15,6195571.07,148364.98
113,2230,550622,103.680137,1.34187417,64.3,-1508042.13,6195571.04,148364.98
114,2230,550623,103.6801367,1.34187417,64.3,-1508042.09,6195571.03,148364.98
115,2230,550624,103.6801367,1.34187417,64.2,-1508042.08,6195571,148364.97
116,2230,550625,103.6801367,1.341874,64.2,-1508042.07,6195570.96,148364.96
117,2230,550626,103.6801365,1.341874,64.2,-1508042.05,6195570.92,148364.95
118,2230,550627,103.6801365,1.34187383,64.1,-1508042.04,6195570.91,148364.94
119,2230,550628,103.6801365,1.34187383,64.1,-1508042.03,6195570.9,148364.93
120,2230,550629,103.6801365,1.34187383,64.1,-1508042.02,6195570.86,148364.93
121,2230,550630,103.6801363,1.34187383,64.1,-1508042,6195570.83,148364.93
122,2230,550631,103.6801362,1.34187383,64.1,-1508041.98,6195570.83,148364.94
123,2230,550632,103.680136,1.34187383,64.1,-1508041.97,6195570.84,148364.94
124,2230,550633,103.680136,1.34187383,64.1,-1508041.96,6195570.84,148364.93
125,2230,550634,103.6801358,1.34187383,64,-1508041.94,6195570.82,148364.93
126,2230,550635,103.6801357,1.34187383,64,-1508041.92,6195570.83,148364.93
127,2230,550636,103.6801357,1.34187367,64.1,-1508041.93,6195570.85,148364.92
128,2230,550637,103.6801358,1.34187367,64.1,-1508041.94,6195570.85,148364.91
129,2230,550638,103.6801358,1.3418735,64.1,-1508041.95,6195570.86,148364.89
130,2230,550639,103.680136,1.34187333,64.1,-1508041.96,6195570.87,148364.87
131,2230,550640,103.680136,1.34187317,64.1,-1508041.97,6195570.88,148364.86
132,2230,550641,103.680136,1.341873,64.1,-1508041.97,6195570.86,148364.85
133,2230,550642,103.680136,1.341873,64.1,-1508041.96,6195570.87,148364.84
134,2230,550643,103.6801358,1.34187283,64.1,-1508041.96,6195570.88,148364.83
135,2230,550644,103.6801358,1.34187283,64.1,-1508041.95,6195570.89,148364.82
136,2230,550645,103.6801357,1.34187283,64.1,-1508041.94,6195570.91,148364.82
137,2230,550646,103.6801355,1.34187267,64.1,-1508041.93,6195570.93,148364.81
138,2230,550647,103.6801355,1.3418725,64.2,-1508041.93,6195570.97,148364.79
139,2230,550648,103.6801355,1.34187233,64.2,-1508041.94,6195570.99,148364.78
140,2230,550649,103.6801355,1.34187233,64.2,-1508041.95,6195571.03,148364.77
141,2230,550650,103.6801357,1.34187217,64.3,-1508041.97,6195571.06,148364.76
142,2230,550651,103.6801357,1.341872,64.3,-1508041.98,6195571.08,148364.74
143,2230,550652,103.6801358,1.341872,64.3,-1508042,6195571.09,148364.74
144,2230,550653,103.680136,1.341872,64.3,-1508042.02,6195571.08,148364.73
145,2230,550654,103.680136,1.341872,64.3,-1508042.02,6195571.1,148364.75
146,2230,550655,103.680136,1.34187217,64.3,-1508042.01,6195571.08,148364.76
147,2230,550656,103.6801358,1.34187217,64.3,-1508042,6195571.05,148364.77
148,2230,550657,103.6801358,1.34187233,64.2,-1508041.99,6195571.02,148364.78
149,2230,550658,103.6801358,1.3418725,64.2,-1508041.97,6195570.98,148364.8
150,2230,550659,103.6801357,1.34187267,64.2,-1508041.96,6195570.96,148364.81
151,2230,550660,103.6801357,1.34187267,64.1,-1508041.94,6195570.93,148364.82
152,2230,550661,103.6801357,1.34187283,64.2,-1508041.94,6195570.94,148364.82
153,2230,550662,103.6801357,1.34187267,64.2,-1508041.94,6195570.95,148364.82
154,2230,550663,103.6801355,1.34187267,64.2,-1508041.94,6195570.95,148364.82
155,2230,550664,103.6801357,1.34187267,64.2,-1508041.95,6195570.97,148364.82
156,2230,550665,103.6801357,1.34187283,64.2,-1508041.96,6195570.96,148364.82
157,2230,550666,103.6801357,1.34187283,64.2,-1508041.97,6195571.01,148364.83
158,2230,550667,103.6801357,1.341873,64.2,-1508041.97,6195571.02,148364.84
159,2230,550668,103.6801357,1.34187317,64.3,-1508041.97,6195571.05,148364.86
160,2230,550669,103.6801357,1.34187333,64.3,-1508041.97,6195571.08,148364.88
161,2230,550670,103.6801355,1.3418735,64.3,-1508041.97,6195571.11,148364.9
162,2230,550671,103.6801352,1.34187367,64.4,-1508041.95,6195571.15,148364.93
163,2230,550672,103.680135,1.34187383,64.4,-1508041.94,6195571.18,148364.95
164,2230,550673,103.6801348,1.341874,64.4,-1508041.92,6195571.21,148364.97
165,2230,550674,103.6801347,1.34187433,64.4,-1508041.91,6195571.24,148364.99
166,2230,550675,103.6801345,1.3418745,64.4,-1508041.89,6195571.26,148365.01
167,2230,550676,103.6801343,1.3418745,64.5,-1508041.87,6195571.28,148365.02
168,2230,550677,103.6801345,1.3418745,64.5,-1508041.89,6195571.27,148365.02
169,2230,550678,103.6801345,1.3418745,64.5,-1508041.9,6195571.28,148365.03
170,2230,550679,103.6801345,1.3418745,64.5,-1508041.9,6195571.27,148365.03
171,2230,550680,103.6801347,1.3418745,64.4,-1508041.9,6195571.24,148365.02
172,2230,550681,103.6801347,1.3418745,64.4,-1508041.9,6195571.2,148365.02
173,2230,550682,103.6801348,1.3418745,64.4,-1508041.91,6195571.16,148365.01
174,2230,550683,103.6801347,1.3418745,64.3,-1508041.89,6195571.15,148365.02
175,2230,550684,103.6801345,1.3418745,64.3,-1508041.87,6195571.13,148365.02
176,2230,550685,103.6801345,1.3418745,64.3,-1508041.86,6195571.13,148365.01
177,2230,550686,103.6801345,1.34187433,64.3,-1508041.85,6195571.12,148365
178,2230,550687,103.6801345,1.34187433,64.3,-1508041.85,6195571.1,148364.99
179,2230,550688,103.6801343,1.34187417,64.3,-1508041.84,6195571.08,148364.99
180,2230,550689,103.6801345,1.34187417,64.2,-1508041.84,6195571.05,148364.97
181,2230,550690,103.6801347,1.341874,64.2,-1508041.85,6195571.04,148364.96
182,2230,550691,103.6801347,1.341874,64.2,-1508041.86,6195571,148364.96
183,2230,550692,103.6801348,1.341874,64.2,-1508041.86,6195570.97,148364.96
184,2230,550693,103.680135,1.341874,64.2,-1508041.88,6195570.96,148364.96
185,2230,550694,103.6801352,1.341874,64.1,-1508041.89,6195570.93,148364.96
186,2230,550695,103.6801352,1.34187417,64.1,-1508041.88,6195570.9,148364.97
187,2230,550696,103.6801352,1.34187417,64.1,-1508041.88,6195570.89,148364.97
188,2230,550697,103.6801353,1.34187417,64.1,-1508041.88,6195570.87,148364.98
189,2230,550698,103.6801353,1.34187433,64,-1508041.88,6195570.84,148364.99
190,2230,550699,103.6801353,1.34187433,64,-1508041.88,6195570.81,148364.99
191,2230,550700,103.6801353,1.34187433,64,-1508041.87,6195570.79,148365
192,2230,550701,103.6801355,1.3418745,64,-1508041.89,6195570.75,148365
193,2230,550702,103.6801357,1.3418745,63.9,-1508041.89,6195570.71,148365
194,2230,550703,103.6801357,1.3418745,63.9,-1508041.88,6195570.67,148365
195,2230,550704,103.6801357,1.3418745,63.9,-1508041.87,6195570.65,148365.01
196,2230,550705,103.6801357,1.34187467,63.8,-1508041.86,6195570.6,148365.02
197,2230,550706,103.6801357,1.34187467,63.8,-1508041.86,6195570.58,148365.03
198,2230,550707,103.6801355,1.34187483,63.8,-1508041.83,6195570.57,148365.04
199,2230,550708,103.6801353,1.341875,63.7,-1508041.81,6195570.55,148365.07
200,2230,550709,103.6801352,1.34187517,63.7,-1508041.8,6195570.55,148365.08
201,2230,550710,103.6801352,1.34187533,63.7,-1508041.79,6195570.54,148365.09
202,2230,550711,103.6801352,1.3418755,63.7,-1508041.79,6195570.51,148365.11
203,2230,550712,103.6801353,1.3418755,63.7,-1508041.79,6195570.49,148365.12
204,2230,550713,103.6801355,1.3418755,63.7,-1508041.81,6195570.46,148365.12
205,2230,550714,103.6801357,1.3418755,63.6,-1508041.83,6195570.43,148365.11
206,2230,550715,103.6801358,1.34187533,63.6,-1508041.83,6195570.39,148365.09
207,2230,550716,103.6801358,1.34187533,63.6,-1508041.83,6195570.36,148365.08
208,2230,550717,103.6801358,1.34187517,63.6,-1508041.82,6195570.35,148365.08
209,2230,550718,103.6801358,1.34187517,63.5,-1508041.82,6195570.34,148365.07
210,2230,550719,103.6801358,1.34187517,63.5,-1508041.82,6195570.33,148365.07
211,2230,550720,103.6801358,1.34187533,63.5,-1508041.81,6195570.32,148365.08
212,2230,550721,103.6801358,1.34187533,63.5,-1508041.81,6195570.31,148365.08
213,2230,550722,103.6801358,1.34187533,63.5,-1508041.8,6195570.29,148365.09
214,2230,550723,103.6801358,1.34187533,63.5,-1508041.8,6195570.26,148365.09
215,2230,550724,103.6801358,1.3418755,63.4,-1508041.79,6195570.25,148365.11
216,2230,550725,103.6801358,1.3418755,63.5,-1508041.8,6195570.25,148365.1
217,2230,550726,103.6801358,1.34187533,63.5,-1508041.8,6195570.25,148365.09
218,2230,550727,103.6801358,1.34187517,63.4,-1508041.79,6195570.22,148365.07
219,2230,550728,103.6801357,1.34187517,63.4,-1508041.77,6195570.2,148365.06
220,2230,550729,103.6801357,1.341875,63.4,-1508041.76,6195570.18,148365.05
221,2230,550730,103.6801353,1.341875,63.4,-1508041.74,6195570.19,148365.05
222,2230,550731,103.6801352,1.341875,63.4,-1508041.71,6195570.18,148365.05
223,2230,550732,103.680135,1.34187517,63.4,-1508041.69,6195570.2,148365.06
224,2230,550733,103.6801348,1.34187517,63.4,-1508041.68,6195570.24,148365.07
225,2230,550734,103.6801347,1.34187517,63.4,-1508041.67,6195570.25,148365.07
226,2230,550735,103.6801347,1.34187517,63.4,-1508041.67,6195570.26,148365.07
227,2230,550736,103.6801345,1.34187517,63.4,-1508041.66,6195570.28,148365.07
228,2230,550737,103.6801345,1.34187517,63.5,-1508041.65,6195570.29,148365.07
229,2230,550738,103.6801343,1.341875,63.5,-1508041.65,6195570.31,148365.06
230,2230,550739,103.6801342,1.341875,63.5,-1508041.63,6195570.32,148365.05
231,2230,550740,103.6801342,1.341875,63.5,-1508041.63,6195570.35,148365.05
232,2230,550741,103.680134,1.341875,63.5,-1508041.62,6195570.37,148365.04
233,2230,550742,103.6801338,1.341875,63.5,-1508041.61,6195570.39,148365.05
234,2230,550743,103.6801337,1.341875,63.6,-1508041.59,6195570.41,148365.05
235,2230,550744,103.6801335,1.34187517,63.6,-1508041.58,6195570.43,148365.07
236,2230,550745,103.6801335,1.34187517,63.6,-1508041.59,6195570.46,148365.07
237,2230,550746,103.6801335,1.34187517,63.6,-1508041.6,6195570.5,148365.08
238,2230,550747,103.6801335,1.34187517,63.7,-1508041.61,6195570.54,148365.08
239,2230,550748,103.6801335,1.34187533,63.7,-1508041.61,6195570.58,148365.09
240,2230,550749,103.6801335,1.34187517,63.8,-1508041.63,6195570.61,148365.08
241,2230,550750,103.6801337,1.341875,63.8,-1508041.64,6195570.65,148365.07
242,2230,550751,103.6801335,1.341875,63.9,-1508041.65,6195570.71,148365.05
243,2230,550752,103.6801335,1.34187483,63.9,-1508041.66,6195570.76,148365.04
244,2230,550753,103.6801335,1.34187467,64,-1508041.66,6195570.8,148365.03
245,2230,550754,103.6801333,1.3418745,64,-1508041.65,6195570.83,148365.01
246,2230,550755,103.6801332,1.3418745,64,-1508041.65,6195570.85,148365.01
247,2230,550756,103.6801332,1.34187467,64,-1508041.65,6195570.88,148365.02
248,2230,550757,103.6801333,1.34187467,64.1,-1508041.67,6195570.9,148365.04
249,2230,550758,103.6801333,1.34187483,64.1,-1508041.69,6195570.93,148365.05
250,2230,550759,103.6801335,1.341875,64.1,-1508041.7,6195570.94,148365.06
251,2230,550760,103.6801337,1.341875,64.1,-1508041.72,6195570.94,148365.06
252,2230,550761,103.6801338,1.34187483,64.1,-1508041.74,6195570.96,148365.05
253,2230,550762,103.680134,1.34187467,64.1,-1508041.76,6195570.98,148365.04
254,2230,550763,103.6801342,1.34187467,64.2,-1508041.78,6195570.98,148365.03
255,2230,550764,103.6801342,1.34187467,64.2,-1508041.79,6195570.98,148365.02
256,2230,550765,103.6801342,1.3418745,64.2,-1508041.79,6195570.98,148365.02
257,2230,550766,103.6801342,1.3418745,64.2,-1508041.79,6195570.99,148365.01
258,2230,550767,103.6801343,1.34187433,64.1,-1508041.79,6195570.93,148365
259,2230,550768,103.6801345,1.34187433,64.1,-1508041.79,6195570.88,148364.99
260,2230,550769,103.6801347,1.34187433,64,-1508041.81,6195570.84,148364.98
261,2230,550770,103.680135,1.34187433,64,-1508041.84,6195570.83,148364.99
262,2230,550771,103.6801352,1.34187433,64,-1508041.86,6195570.8,148364.99
263,2230,550772,103.6801355,1.34187433,64,-1508041.89,6195570.79,148365
264,2230,550773,103.6801357,1.34187433,64,-1508041.92,6195570.79,148364.99
265,2230,550774,103.680136,1.34187433,64,-1508041.94,6195570.79,148364.98
266,2230,550775,103.6801362,1.34187417,64,-1508041.97,6195570.78,148364.97
267,2230,550776,103.6801365,1.341874,64,-1508042,6195570.75,148364.96
268,2230,550777,103.6801365,1.34187417,64,-1508042,6195570.78,148364.97
269,2230,550778,103.6801363,1.34187417,64,-1508041.99,6195570.78,148364.97
270,2230,550779,103.6801362,1.34187417,64,-1508041.96,6195570.78,148364.98
271,2230,550780,103.680136,1.34187433,64,-1508041.95,6195570.78,148365
272,2230,550781,103.6801362,1.34187433,64,-1508041.96,6195570.76,148364.99
273,2230,550782,103.6801363,1.34187417,64,-1508041.97,6195570.74,148364.98
274,2230,550783,103.6801365,1.34187417,64,-1508041.99,6195570.73,148364.97
275,2230,550784,103.6801367,1.34187417,63.9,-1508042,6195570.72,148364.97
276,2230,550785,103.680137,1.341874,63.9,-1508042.04,6195570.69,148364.96
277,2230,550786,103.6801372,1.341874,63.9,-1508042.06,6195570.67,148364.95
278,2230,550787,103.6801375,1.34187383,63.9,-1508042.08,6195570.63,148364.94
279,2230,550788,103.6801377,1.34187383,63.8,-1508042.09,6195570.57,148364.93
280,2230,550789,103.6801378,1.34187383,63.8,-1508042.1,6195570.51,148364.92
281,2230,550790,103.680138,1.34187367,63.7,-1508042.1,6195570.46,148364.91
282,2230,550791,103.680138,1.34187367,63.7,-1508042.09,6195570.44,148364.9
283,2230,550792,103.680138,1.3418735,63.7,-1508042.08,6195570.41,148364.9
284,2230,550793,103.680138,1.3418735,63.7,-1508042.08,6195570.41,148364.9
285,2230,550794,103.680138,1.3418735,63.6,-1508042.07,6195570.39,148364.9
286,2230,550795,103.680138,1.34187367,63.6,-1508042.08,6195570.39,148364.9
287,2230,550796,103.6801378,1.34187367,63.7,-1508042.07,6195570.42,148364.91
288,2230,550797,103.680138,1.34187383,63.7,-1508042.08,6195570.41,148364.92
289,2230,550798,103.6801382,1.34187367,63.7,-1508042.11,6195570.4,148364.92
290,2230,550799,103.6801383,1.34187367,63.6,-1508042.12,6195570.36,148364.91
291,2230,550800,103.6801385,1.34187367,63.6,-1508042.13,6195570.31,148364.91
292,2230,550801,103.6801388,1.34187367,63.5,-1508042.14,6195570.26,148364.91
293,2230,550802,103.680139,1.34187367,63.5,-1508042.15,6195570.23,148364.9
294,2230,550803,103.6801387,1.34187383,63.5,-1508042.11,6195570.22,148364.92
295,2230,550804,103.6801387,1.34187383,63.5,-1508042.11,6195570.2,148364.92
296,2230,550805,103.6801387,1.34187383,63.5,-1508042.12,6195570.2,148364.93
297,2230,550806,103.6801387,1.34187383,63.5,-1508042.12,6195570.2,148364.93
298,2230,550807,103.6801388,1.341874,63.5,-1508042.12,6195570.18,148364.93
299,2230,550808,103.6801388,1.341874,63.4,-1508042.12,6195570.17,148364.94
300,2230,550809,103.680139,1.341874,63.4,-1508042.13,6195570.16,148364.95
301,2230,550810,103.680139,1.341874,63.4,-1508042.13,6195570.15,148364.94
302,2230,550811,103.680139,1.34187383,63.4,-1508042.13,6195570.12,148364.93
303,2230,550812,103.680139,1.34187383,63.4,-1508042.13,6195570.1,148364.92
304,2230,550813,103.6801392,1.34187383,63.3,-1508042.13,6195570.06,148364.92
305,2230,550814,103.6801392,1.34187383,63.3,-1508042.12,6195570.01,148364.91
306,2230,550815,103.6801392,1.34187367,63.3,-1508042.12,6195569.98,148364.9
307,2230,550816,103.6801393,1.34187367,63.2,-1508042.12,6195569.95,148364.89
308,2230,550817,103.6801393,1.3418735,63.2,-1508042.13,6195569.94,148364.89
309,2230,550818,103.6801393,1.3418735,63.2,-1508042.13,6195569.92,148364.88
310,2230,550819,103.6801395,1.34187333,63.2,-1508042.13,6195569.92,148364.87
311,2230,550820,103.6801395,1.34187333,63.2,-1508042.14,6195569.94,148364.86
312,2230,550821,103.6801395,1.34187317,63.2,-1508042.15,6195569.95,148364.85
313,2230,550822,103.6801397,1.34187317,63.2,-1508042.16,6195569.95,148364.85
314,2230,550823,103.6801397,1.34187317,63.2,-1508042.16,6195569.94,148364.85
315,2230,550824,103.6801397,1.34187317,63.2,-1508042.16,6195569.94,148364.85
316,2230,550825,103.6801397,1.34187333,63.2,-1508042.16,6195569.96,148364.85
317,2230,550826,103.6801397,1.34187333,63.3,-1508042.16,6195569.96,148364.85
318,2230,550827,103.6801395,1.34187333,63.2,-1508042.14,6195569.91,148364.86
319,2230,550828,103.6801395,1.34187333,63.2,-1508042.12,6195569.87,148364.87
320,2230,550829,103.6801393,1.34187333,63.1,-1508042.11,6195569.86,148364.87
321,2230,550830,103.6801393,1.3418735,63.1,-1508042.09,6195569.82,148364.87
322,2230,550831,103.6801392,1.3418735,63.1,-1508042.07,6195569.79,148364.87
323,2230,550832,103.6801392,1.3418735,63,-1508042.06,6195569.76,148364.87
324,2230,550833,103.680139,1.34187333,63,-1508042.05,6195569.75,148364.85
325,2230,550834,103.680139,1.34187333,63,-1508042.04,6195569.74,148364.85
326,2230,550835,103.6801388,1.34187333,63,-1508042.02,6195569.73,148364.85
327,2230,550836,103.6801387,1.34187333,63,-1508042,6195569.73,148364.85
328,2230,550837,103.6801385,1.34187333,63,-1508041.98,6195569.73,148364.85
329,2230,550838,103.6801383,1.34187333,63,-1508041.96,6195569.72,148364.85
330,2230,550839,103.6801382,1.3418735,62.9,-1508041.94,6195569.69,148364.87
331,2230,550840,103.680138,1.3418735,62.9,-1508041.91,6195569.67,148364.87
332,2230,550841,103.6801378,1.3418735,62.9,-1508041.89,6195569.65,148364.87
333,2230,550842,103.6801377,1.3418735,62.9,-1508041.87,6195569.64,148364.88
334,2230,550843,103.6801377,1.3418735,62.9,-1508041.86,6195569.63,148364.88
335,2230,550844,103.6801377,1.34187367,62.9,-1508041.85,6195569.63,148364.88
336,2230,550845,103.6801377,1.3418735,62.9,-1508041.85,6195569.63,148364.88
337,2230,550846,103.6801375,1.3418735,62.9,-1508041.85,6195569.66,148364.87
338,2230,550847,103.6801377,1.3418735,62.9,-1508041.86,6195569.69,148364.87
339,2230,550848,103.6801377,1.34187333,62.9,-1508041.86,6195569.66,148364.85
340,2230,550849,103.6801377,1.34187333,62.9,-1508041.87,6195569.69,148364.85
341,2230,550850,103.6801377,1.34187317,63,-1508041.88,6195569.72,148364.84
342,2230,550851,103.6801375,1.34187317,62.9,-1508041.87,6195569.72,148364.84
343,2230,550852,103.6801378,1.341873,62.9,-1508041.89,6195569.7,148364.82
344,2230,550853,103.6801378,1.34187283,62.9,-1508041.9,6195569.7,148364.81
345,2230,550854,103.680138,1.34187283,62.9,-1508041.92,6195569.69,148364.79
346,2230,550855,103.6801383,1.34187267,62.9,-1508041.94,6195569.68,148364.78
347,2230,550856,103.6801385,1.34187267,62.9,-1508041.96,6195569.68,148364.78
348,2230,550857,103.6801387,1.3418725,63,-1508041.99,6195569.71,148364.77
349,2230,550858,103.6801387,1.3418725,63,-1508042,6195569.73,148364.76
350,2230,550859,103.6801387,1.34187233,63,-1508042,6195569.75,148364.74
351,2230,550860,103.6801385,1.34187217,63,-1508042,6195569.76,148364.73
352,2230,550861,103.6801385,1.341872,63,-1508041.98,6195569.77,148364.72
353,2230,550862,103.6801383,1.34187183,63,-1508041.97,6195569.78,148364.7
354,2230,550863,103.6801383,1.34187183,63,-1508041.96,6195569.78,148364.69
355,2230,550864,103.6801383,1.34187183,63,-1508041.97,6195569.77,148364.68
356,2230,550865,103.6801385,1.34187167,63,-1508041.98,6195569.77,148364.67
357,2230,550866,103.6801387,1.34187167,63,-1508042,6195569.76,148364.66
358,2230,550867,103.6801387,1.3418715,63,-1508042.01,6195569.76,148364.66
359,2230,550868,103.6801388,1.3418715,63,-1508042.03,6195569.74,148364.65
360,2230,550869,103.680139,1.34187133,63,-1508042.04,6195569.73,148364.64
361,2230,550870,103.6801392,1.34187133,63,-1508042.05,6195569.73,148364.63
362,2230,550871,103.680139,1.34187117,63,-1508042.05,6195569.74,148364.62
363,2230,550872,103.680139,1.341871,63,-1508042.05,6195569.75,148364.6
364,2230,550873,103.680139,1.34187083,63,-1508042.04,6195569.74,148364.59
365,2230,550874,103.680139,1.34187083,63,-1508042.03,6195569.73,148364.57
366,2230,550875,103.6801388,1.34187083,63,-1508042.01,6195569.72,148364.57
367,2230,550876,103.6801388,1.34187067,63,-1508042.01,6195569.71,148364.57
368,2230,550877,103.6801388,1.34187083,63,-1508042.02,6195569.71,148364.57
369,2230,550878,103.6801388,1.34187083,63,-1508042.02,6195569.72,148364.57
370,2230,550879,103.6801388,1.34187083,63,-1508042.02,6195569.71,148364.58
371,2230,550880,103.6801388,1.34187083,63,-1508042.01,6195569.71,148364.58
372,2230,550881,103.6801388,1.34187083,63,-1508042.01,6195569.74,148364.58
373,2230,550882,103.6801387,1.341871,63,-1508042.01,6195569.78,148364.59
374,2230,550883,103.6801385,1.341871,63.1,-1508042,6195569.82,148364.6
375,2230,550884,103.6801383,1.341871,63.1,-1508041.98,6195569.83,148364.61
376,2230,550885,103.680138,1.34187117,63.1,-1508041.95,6195569.83,148364.62
377,2230,550886,103.6801378,1.34187117,63.1,-1508041.92,6195569.84,148364.62
378,2230,550887,103.6801375,1.34187133,63.1,-1508041.9,6195569.84,148364.63
379,2230,550888,103.6801377,1.34187133,63.1,-1508041.9,6195569.83,148364.64
380,2230,550889,103.6801377,1.3418715,63.1,-1508041.91,6195569.83,148364.65
381,2230,550890,103.6801375,1.34187167,63.1,-1508041.9,6195569.83,148364.68
382,2230,550891,103.6801375,1.34187183,63.1,-1508041.89,6195569.84,148364.7
383,2230,550892,103.6801375,1.341872,63.1,-1508041.89,6195569.84,148364.72
384,2230,550893,103.6801375,1.341872,63.1,-1508041.9,6195569.85,148364.72
385,2230,550894,103.6801373,1.34187217,63.1,-1508041.88,6195569.88,148364.74
386,2230,550895,103.680137,1.34187233,63.1,-1508041.84,6195569.9,148364.76
387,2230,550896,103.6801368,1.3418725,63.1,-1508041.83,6195569.92,148364.76
388,2230,550897,103.6801367,1.34187267,63.1,-1508041.82,6195569.94,148364.78
389,2230,550898,103.6801365,1.34187267,63.2,-1508041.8,6195569.95,148364.79
390,2230,550899,103.6801363,1.34187283,63.1,-1508041.78,6195569.95,148364.81
391,2230,550900,103.6801363,1.341873,63.1,-1508041.78,6195569.93,148364.82
392,2230,550901,103.6801365,1.341873,63.1,-1508041.79,6195569.94,148364.83
393,2230,550902,103.6801367,1.34187317,63.1,-1508041.81,6195569.92,148364.83
394,2230,550903,103.6801368,1.34187317,63.1,-1508041.83,6195569.9,148364.85
395,2230,550904,103.6801372,1.34187333,63.1,-1508041.85,6195569.87,148364.86
396,2230,550905,103.6801373,1.34187333,63.1,-1508041.87,6195569.86,148364.86
397,2230,550906,103.6801373,1.34187333,63.1,-1508041.87,6195569.86,148364.87
398,2230,550907,103.6801373,1.3418735,63.1,-1508041.87,6195569.85,148364.87
399,2230,550908,103.6801373,1.3418735,63.1,-1508041.86,6195569.83,148364.88
400,2230,550909,103.6801372,1.3418735,63,-1508041.85,6195569.81,148364.88
401,2230,550910,103.6801372,1.34187367,63,-1508041.84,6195569.8,148364.89
402,2230,550911,103.6801372,1.34187367,63,-1508041.83,6195569.79,148364.9
403,2230,550912,103.6801373,1.34187383,63,-1508041.85,6195569.77,148364.91
404,2230,550913,103.6801375,1.341874,63,-1508041.87,6195569.77,148364.93
405,2230,550914,103.6801377,1.34187417,63,-1508041.89,6195569.78,148364.94
406,2230,550915,103.6801378,1.34187417,63,-1508041.91,6195569.78,148364.95
407,2230,550916,103.680138,1.34187433,63,-1508041.93,6195569.76,148364.97
408,2230,550917,103.6801383,1.34187433,63,-1508041.96,6195569.77,148364.97
409,2230,550918,103.6801382,1.34187433,63,-1508041.96,6195569.78,148364.97
410,2230,550919,103.6801382,1.34187433,63,-1508041.95,6195569.77,148364.97
411,2230,550920,103.680138,1.34187433,63,-1508041.94,6195569.77,148364.98
412,2230,550921,103.680138,1.3418745,63,-1508041.94,6195569.78,148364.98
413,2230,550922,103.680138,1.3418745,63,-1508041.93,6195569.8,148364.99
414,2230,550923,103.6801378,1.3418745,63,-1508041.92,6195569.79,148364.99
415,2230,550924,103.680138,1.3418745,63,-1508041.93,6195569.76,148364.98
416,2230,550925,103.680138,1.3418745,63,-1508041.93,6195569.74,148364.99
417,2230,550926,103.6801382,1.34187467,63,-1508041.94,6195569.72,148365
418,2230,550927,103.6801382,1.34187483,63,-1508041.94,6195569.7,148365.02
419,2230,550928,103.6801383,1.341875,62.9,-1508041.94,6195569.69,148365.04
420,2230,550929,103.6801385,1.341875,62.9,-1508041.96,6195569.68,148365.04
421,2230,550930,103.6801385,1.341875,62.9,-1508041.96,6195569.69,148365.05
422,2230,550931,103.6801383,1.341875,63,-1508041.96,6195569.7,148365.04
423,2230,550932,103.6801383,1.341875,63,-1508041.95,6195569.73,148365.04
424,2230,550933,103.6801382,1.341875,63,-1508041.95,6195569.76,148365.04
425,2230,550934,103.6801382,1.341875,63,-1508041.95,6195569.78,148365.03
426,2230,550935,103.680138,1.341875,63,-1508041.93,6195569.78,148365.04
427,2230,550936,103.680138,1.341875,63,-1508041.93,6195569.78,148365.05
428,2230,550937,103.680138,1.341875,63,-1508041.94,6195569.8,148365.04
429,2230,550938,103.6801382,1.341875,63.1,-1508041.95,6195569.82,148365.04
430,2230,550939,103.6801382,1.341875,63,-1508041.96,6195569.8,148365.03
431,2230,550940,103.6801382,1.341875,63,-1508041.95,6195569.79,148365.04
432,2230,550941,103.6801383,1.34187483,63,-1508041.96,6195569.77,148365.03
433,2230,550942,103.6801382,1.34187483,63,-1508041.96,6195569.79,148365.03
434,2230,550943,103.6801382,1.34187483,63,-1508041.95,6195569.78,148365.02
435,2230,550944,103.6801382,1.34187483,63,-1508041.94,6195569.76,148365.02
436,2230,550945,103.680138,1.34187467,63,-1508041.93,6195569.76,148365
437,2230,550946,103.6801378,1.34187467,63,-1508041.92,6195569.77,148365
438,2230,550947,103.6801378,1.34187467,63,-1508041.91,6195569.76,148365.01
439,2230,550948,103.6801378,1.34187467,63,-1508041.9,6195569.74,148365.01
440,2230,550949,103.6801377,1.34187467,63,-1508041.89,6195569.74,148365.01
441,2230,550950,103.6801377,1.34187467,63,-1508041.87,6195569.73,148365.01
442,2230,550951,103.6801375,1.34187467,62.9,-1508041.86,6195569.72,148365.01
443,2230,550952,103.6801375,1.34187467,62.9,-1508041.85,6195569.7,148365.01
444,2230,550953,103.6801375,1.34187467,62.9,-1508041.85,6195569.7,148365
445,2230,550954,103.6801373,1.34187467,63,-1508041.84,6195569.74,148365
446,2230,550955,103.6801372,1.34187467,63,-1508041.82,6195569.75,148365
447,2230,550956,103.680137,1.3418745,63,-1508041.81,6195569.77,148364.99
448,2230,550957,103.6801368,1.3418745,63,-1508041.81,6195569.81,148364.99
449,2230,550958,103.6801368,1.3418745,63.1,-1508041.82,6195569.86,148364.99
450,2230,550959,103.6801367,1.3418745,63.1,-1508041.8,6195569.87,148364.99
451,2230,550960,103.6801365,1.3418745,63.1,-1508041.79,6195569.89,148364.99
452,2230,550961,103.6801367,1.3418745,63.1,-1508041.8,6195569.86,148364.98
453,2230,550962,103.6801367,1.3418745,63.1,-1508041.81,6195569.87,148364.98
454,2230,550963,103.6801367,1.3418745,63.1,-1508041.81,6195569.88,148364.98
455,2230,550964,103.6801367,1.3418745,63.1,-1508041.81,6195569.89,148364.98
456,2230,550965,103.6801367,1.3418745,63.1,-1508041.81,6195569.89,148364.98
457,2230,550966,103.6801367,1.3418745,63.1,-1508041.81,6195569.9,148364.99
458,2230,550967,103.6801367,1.3418745,63.1,-1508041.82,6195569.91,148364.99
459,2230,550968,103.6801365,1.3418745,63.1,-1508041.79,6195569.92,148365
460,2230,550969,103.6801365,1.34187467,63.1,-1508041.79,6195569.91,148365
461,2230,550970,103.6801363,1.3418745,63.1,-1508041.78,6195569.9,148364.99
462,2230,550971,103.6801363,1.3418745,63.1,-1508041.76,6195569.88,148364.98
463,2230,550972,103.6801363,1.34187433,63.1,-1508041.76,6195569.86,148364.97
464,2230,550973,103.6801363,1.34187417,63,-1508041.76,6195569.85,148364.95
465,2230,550974,103.6801363,1.34187417,63.1,-1508041.76,6195569.86,148364.94
466,2230,550975,103.6801363,1.341874,63.1,-1508041.76,6195569.86,148364.93
467,2230,550976,103.6801363,1.34187383,63.1,-1508041.77,6195569.87,148364.91
468,2230,550977,103.6801365,1.3418735,63.1,-1508041.79,6195569.89,148364.88
469,2230,550978,103.6801365,1.34187333,63.1,-1508041.79,6195569.91,148364.86
470,2230,550979,103.6801363,1.34187317,63.1,-1508041.78,6195569.92,148364.85
471,2230,550980,103.6801362,1.34187317,63.1,-1508041.77,6195569.95,148364.84
472,2230,550981,103.680136,1.341873,63.2,-1508041.75,6195569.97,148364.82
473,2230,550982,103.6801358,1.34187283,63.2,-1508041.75,6195570,148364.81
474,2230,550983,103.6801358,1.34187283,63.2,-1508041.74,6195570.03,148364.81
475,2230,550984,103.6801358,1.34187283,63.2,-1508041.74,6195570.04,148364.8
476,2230,550985,103.6801357,1.34187267,63.2,-1508041.74,6195570.03,148364.79
477,2230,550986,103.6801355,1.34187267,63.2,-1508041.71,6195570.03,148364.8
478,2230,550987,103.6801353,1.34187283,63.2,-1508041.69,6195570.02,148364.8
479,2230,550988,103.6801353,1.34187283,63.2,-1508041.68,6195570.03,148364.81
480,2230,550989,103.6801352,1.34187283,63.2,-1508041.67,6195570.01,148364.8
481,2230,550990,103.680135,1.34187283,63.2,-1508041.64,6195570.01,148364.8
482,2230,550991,103.6801348,1.34187283,63.2,-1508041.63,6195570.02,148364.8
483,2230,550992,103.6801347,1.34187267,63.2,-1508041.62,6195570.03,148364.79
484,2230,550993,103.6801345,1.34187267,63.2,-1508041.6,6195570.04,148364.78
485,2230,550994,103.6801343,1.3418725,63.2,-1508041.58,6195570.05,148364.77
486,2230,550995,103.6801342,1.3418725,63.2,-1508041.57,6195570.07,148364.76
487,2230,550996,103.6801342,1.34187233,63.2,-1508041.57,6195570.09,148364.75
488,2230,550997,103.6801342,1.34187217,63.2,-1508041.57,6195570.1,148364.73
489,2230,550998,103.6801342,1.34187217,63.2,-1508041.57,6195570.09,148364.72
490,2230,550999,103.6801342,1.34187217,63.2,-1508041.57,6195570.09,148364.73
491,2230,551000,103.6801342,1.34187217,63.2,-1508041.56,6195570.09,148364.73
492,2230,551001,103.680134,1.34187217,63.2,-1508041.55,6195570.07,148364.73
493,2230,551002,103.6801338,1.34187217,63.2,-1508041.53,6195570.06,148364.74
494,2230,551003,103.6801338,1.34187233,63.2,-1508041.53,6195570.08,148364.74
495,2230,551004,103.6801337,1.34187233,63.2,-1508041.52,6195570.08,148364.75
496,2230,551005,103.6801337,1.34187233,63.2,-1508041.52,6195570.09,148364.76
497,2230,551006,103.6801337,1.3418725,63.2,-1508041.52,6195570.1,148364.77
498,2230,551007,103.6801337,1.34187267,63.2,-1508041.52,6195570.1,148364.78
499,2230,551008,103.6801337,1.34187283,63.2,-1508041.52,6195570.11,148364.8
500,2230,551009,103.6801337,1.341873,63.3,-1508041.52,6195570.12,148364.82
501,2230,551010,103.6801337,1.34187317,63.2,-1508041.52,6195570.1,148364.84
502,2230,551011,103.6801337,1.34187333,63.2,-1508041.51,6195570.07,148364.85
503,2230,551012,103.6801337,1.34187333,63.2,-1508041.51,6195570.05,148364.87
504,2230,551013,103.6801337,1.34187333,63.2,-1508041.5,6195570.03,148364.87
505,2230,551014,103.6801335,1.34187367,63.1,-1508041.47,6195570.01,148364.89
506,2230,551015,103.6801333,1.34187367,63.1,-1508041.46,6195570,148364.9
507,2230,551016,103.6801332,1.34187383,63.1,-1508041.44,6195569.99,148364.91
508,2230,551017,103.680133,1.34187383,63.1,-1508041.42,6195569.98,148364.92
509,2230,551018,103.6801328,1.341874,63.1,-1508041.4,6195569.99,148364.93
510,2230,551019,103.6801327,1.34187433,63.1,-1508041.38,6195569.97,148364.96
511,2230,551020,103.6801327,1.3418745,63.1,-1508041.37,6195569.96,148364.98
512,2230,551021,103.6801325,1.34187467,63,-1508041.35,6195569.93,148365
513,2230,551022,103.6801323,1.34187483,63,-1508041.32,6195569.89,148365.02
514,2230,551023,103.6801322,1.34187483,62.9,-1508041.29,6195569.85,148365.03
515,2230,551024,103.6801322,1.341875,62.9,-1508041.27,6195569.81,148365.04
516,2230,551025,103.6801322,1.341875,62.9,-1508041.26,6195569.79,148365.04
517,2230,551026,103.6801322,1.341875,62.8,-1508041.25,6195569.73,148365.03
518,2230,551027,103.6801322,1.34187483,62.8,-1508041.25,6195569.7,148365.02
519,2230,551028,103.6801323,1.34187483,62.8,-1508041.26,6195569.7,148365.01
520,2230,551029,103.6801323,1.34187467,62.8,-1508041.26,6195569.69,148365
521,2230,551030,103.6801325,1.3418745,62.8,-1508041.27,6195569.68,148364.98
522,2230,551031,103.6801325,1.3418745,62.8,-1508041.28,6195569.66,148364.98
523,2230,551032,103.6801327,1.3418745,62.8,-1508041.29,6195569.66,148364.98
524,2230,551033,103.6801328,1.3418745,62.7,-1508041.3,6195569.62,148364.97
525,2230,551034,103.680133,1.34187433,62.7,-1508041.32,6195569.59,148364.97
526,2230,551035,103.6801332,1.34187433,62.7,-1508041.32,6195569.54,148364.97
527,2230,551036,103.6801332,1.34187433,62.6,-1508041.32,6195569.53,148364.97
528,2230,551037,103.6801332,1.34187433,62.6,-1508041.32,6195569.54,148364.96
529,2230,551038,103.680133,1.34187433,62.6,-1508041.31,6195569.54,148364.96
530,2230,551039,103.680133,1.34187433,62.7,-1508041.3,6195569.56,148364.97
531,2230,551040,103.6801327,1.3418745,62.7,-1508041.28,6195569.59,148364.98
532,2230,551041,103.6801325,1.3418745,62.7,-1508041.26,6195569.61,148364.98
533,2230,551042,103.6801323,1.3418745,62.7,-1508041.24,6195569.63,148364.98
534,2230,551043,103.6801323,1.3418745,62.7,-1508041.25,6195569.64,148364.99
535,2230,551044,103.6801323,1.34187467,62.7,-1508041.26,6195569.66,148364.99
536,2230,551045,103.6801325,1.34187467,62.7,-1508041.27,6195569.65,148365
537,2230,551046,103.6801325,1.34187467,62.7,-1508041.27,6195569.63,148364.99
538,2230,551047,103.6801327,1.3418745,62.7,-1508041.28,6195569.63,148364.99
539,2230,551048,103.6801327,1.3418745,62.7,-1508041.29,6195569.62,148364.97
540,2230,551049,103.6801325,1.3418745,62.7,-1508041.28,6195569.65,148364.97
541,2230,551050,103.6801325,1.3418745,62.7,-1508041.27,6195569.65,148364.97
542,2230,551051,103.6801325,1.3418745,62.8,-1508041.27,6195569.67,148364.98
543,2230,551052,103.6801323,1.3418745,62.8,-1508041.26,6195569.69,148364.98
544,2230,551053,103.6801322,1.3418745,62.8,-1508041.25,6195569.72,148364.99
545,2230,551054,103.680132,1.3418745,62.8,-1508041.25,6195569.75,148364.99
546,2230,551055,103.6801322,1.3418745,62.8,-1508041.26,6195569.74,148364.98
547,2230,551056,103.6801323,1.34187433,62.8,-1508041.28,6195569.74,148364.96
548,2230,551057,103.6801325,1.34187417,62.8,-1508041.29,6195569.72,148364.95
549,2230,551058,103.6801327,1.34187417,62.8,-1508041.31,6195569.7,148364.94
550,2230,551059,103.680133,1.341874,62.8,-1508041.34,6195569.7,148364.93
551,2230,551060,103.6801332,1.34187383,62.8,-1508041.36,6195569.7,148364.91
552,2230,551061,103.6801332,1.34187367,62.8,-1508041.37,6195569.72,148364.9
553,2230,551062,103.6801333,1.34187367,62.9,-1508041.38,6195569.75,148364.9
554,2230,551063,103.6801333,1.34187367,62.9,-1508041.41,6195569.78,148364.9
555,2230,551064,103.6801333,1.34187367,63,-1508041.42,6195569.84,148364.9
556,2230,551065,103.6801335,1.34187367,63,-1508041.43,6195569.86,148364.9
557,2230,551066,103.6801335,1.34187367,63,-1508041.44,6195569.88,148364.89
558,2230,551067,103.6801337,1.34187367,63,-1508041.47,6195569.89,148364.89
559,2230,551068,103.6801338,1.3418735,63,-1508041.49,6195569.9,148364.88
560,2230,551069,103.6801342,1.34187333,63,-1508041.52,6195569.89,148364.86
561,2230,551070,103.6801345,1.34187317,63,-1508041.55,6195569.86,148364.84
562,2230,551071,103.6801347,1.341873,63,-1508041.57,6195569.82,148364.81
563,2230,551072,103.680135,1.34187283,63,-1508041.6,6195569.8,148364.79
564,2230,551073,103.6801352,1.34187267,62.9,-1508041.61,6195569.78,148364.78
565,2230,551074,103.6801353,1.34187267,62.9,-1508041.62,6195569.76,148364.77
566,2230,551075,103.6801353,1.3418725,62.9,-1508041.63,6195569.77,148364.77
567,2230,551076,103.6801353,1.34187267,63,-1508041.63,6195569.78,148364.77
568,2230,551077,103.6801353,1.34187267,63,-1508041.63,6195569.8,148364.77
569,2230,551078,103.6801352,1.34187267,63,-1508041.62,6195569.83,148364.78
570,2230,551079,103.6801353,1.3418725,63,-1508041.64,6195569.81,148364.77
571,2230,551080,103.6801357,1.3418725,63,-1508041.68,6195569.82,148364.76
572,2230,551081,103.680136,1.34187233,63,-1508041.71,6195569.82,148364.75
573,2230,551082,103.6801362,1.34187217,63,-1508041.74,6195569.81,148364.74
574,2230,551083,103.6801365,1.34187217,63,-1508041.76,6195569.79,148364.73
575,2230,551084,103.6801367,1.34187217,63,-1508041.78,6195569.77,148364.72
576,2230,551085,103.6801367,1.341872,63,-1508041.78,6195569.78,148364.71
577,2230,551086,103.6801367,1.34187183,63,-1508041.78,6195569.78,148364.69
578,2230,551087,103.6801365,1.34187167,63,-1508041.77,6195569.79,148364.67
579,2230,551088,103.6801363,1.34187167,63,-1508041.75,6195569.8,148364.67
580,2230,551089,103.6801362,1.34187167,63,-1508041.73,6195569.81,148364.66
581,2230,551090,103.6801358,1.3418715,63,-1508041.7,6195569.83,148364.66
582,2230,551091,103.6801358,1.3418715,63,-1508041.69,6195569.84,148364.65
583,2230,551092,103.6801358,1.3418715,63,-1508041.69,6195569.82,148364.66
584,2230,551093,103.6801357,1.34187167,63,-1508041.68,6195569.8,148364.67
585,2230,551094,103.6801357,1.34187167,63,-1508041.67,6195569.79,148364.67
586,2230,551095,103.6801357,1.34187167,63,-1508041.67,6195569.78,148364.67
587,2230,551096,103.6801358,1.34187167,62.9,-1508041.68,6195569.77,148364.67
588,2230,551097,103.6801355,1.34187167,62.9,-1508041.65,6195569.77,148364.67
589,2230,551098,103.6801353,1.34187167,62.9,-1508041.63,6195569.76,148364.67
590,2230,551099,103.6801352,1.3418715,62.9,-1508041.62,6195569.77,148364.65
591,2230,551100,103.6801352,1.3418715,63,-1508041.61,6195569.8,148364.65
592,2230,551101,103.680135,1.34187133,63,-1508041.59,6195569.83,148364.64
593,2230,551102,103.6801347,1.34187133,63,-1508041.57,6195569.86,148364.63
594,2230,551103,103.6801347,1.34187133,63,-1508041.57,6195569.84,148364.63
595,2230,551104,103.6801348,1.34187117,63,-1508041.58,6195569.84,148364.62
596,2230,551105,103.6801348,1.34187117,63,-1508041.58,6195569.84,148364.62
597,2230,551106,103.6801348,1.34187117,63,-1508041.59,6195569.83,148364.62
598,2230,551107,103.680135,1.34187117,63,-1508041.6,6195569.82,148364.62
599,2230,551108,103.6801352,1.34187117,63,-1508041.61,6195569.81,148364.61
600,2230,551109,103.680135,1.34187117,63,-1508041.6,6195569.82,148364.61
601,2230,551110,103.6801348,1.34187117,63,-1508041.58,6195569.85,148364.61
602,2230,551111,103.6801347,1.34187117,63,-1508041.57,6195569.87,148364.61
603,2230,551112,103.6801345,1.341871,63.1,-1508041.56,6195569.91,148364.6
604,2230,551113,103.6801343,1.341871,63.1,-1508041.55,6195569.94,148364.6
605,2230,551114,103.6801342,1.341871,63.1,-1508041.53,6195569.97,148364.6
606,2230,551115,103.680134,1.341871,63.1,-1508041.53,6195569.98,148364.59
607,2230,551116,103.6801342,1.34187083,63.1,-1508041.55,6195570,148364.58
608,2230,551117,103.6801343,1.34187083,63.1,-1508041.56,6195569.99,148364.58
609,2230,551118,103.6801343,1.34187067,63.1,-1508041.57,6195570,148364.57
610,2230,551119,103.6801343,1.34187067,63.1,-1508041.57,6195569.99,148364.57
611,2230,551120,103.6801345,1.34187067,63.1,-1508041.58,6195569.99,148364.57
612,2230,551121,103.6801343,1.34187067,63.2,-1508041.57,6195570.01,148364.57
613,2230,551122,103.6801342,1.34187083,63.2,-1508041.56,6195570.04,148364.58
614,2230,551123,103.6801342,1.34187083,63.2,-1508041.55,6195570.05,148364.58
615,2230,551124,103.680134,1.34187083,63.2,-1508041.54,6195570.07,148364.59
616,2230,551125,103.6801338,1.34187083,63.2,-1508041.53,6195570.1,148364.59
617,2230,551126,103.6801337,1.341871,63.3,-1508041.53,6195570.13,148364.6
618,2230,551127,103.6801338,1.341871,63.3,-1508041.53,6195570.12,148364.6
619,2230,551128,103.680134,1.341871,63.3,-1508041.56,6195570.12,148364.6
620,2230,551129,103.6801342,1.341871,63.2,-1508041.56,6195570.1,148364.6
621,2230,551130,103.6801343,1.34187083,63.2,-1508041.58,6195570.07,148364.59
622,2230,551131,103.6801345,1.34187083,63.2,-1508041.59,6195570.04,148364.59
623,2230,551132,103.6801347,1.34187083,63.1,-1508041.61,6195569.99,148364.59
624,2230,551133,103.6801347,1.34187083,63.1,-1508041.6,6195569.96,148364.59
625,2230,551134,103.6801347,1.34187083,63.1,-1508041.58,6195569.93,148364.59
626,2230,551135,103.6801345,1.34187083,63.1,-1508041.57,6195569.93,148364.59
627,2230,551136,103.6801345,1.34187083,63.1,-1508041.56,6195569.91,148364.59
628,2230,551137,103.6801343,1.34187083,63,-1508041.55,6195569.91,148364.58
629,2230,551138,103.6801343,1.34187083,63,-1508041.54,6195569.9,148364.57
630,2230,551139,103.6801343,1.34187067,63,-1508041.54,6195569.86,148364.56
631,2230,551140,103.6801345,1.34187083,63,-1508041.54,6195569.82,148364.58
632,2230,551141,103.6801345,1.341871,62.9,-1508041.53,6195569.77,148364.6
633,2230,551142,103.6801348,1.34187083,62.9,-1508041.56,6195569.71,148364.58
634,2230,551143,103.6801353,1.34187067,62.8,-1508041.59,6195569.64,148364.56
635,2230,551144,103.6801355,1.34187067,62.7,-1508041.6,6195569.58,148364.56
636,2230,551145,103.6801358,1.34187067,62.7,-1508041.62,6195569.51,148364.55
637,2230,551146,103.680136,1.3418705,62.6,-1508041.62,6195569.45,148364.54
638,2230,551147,103.680136,1.3418705,62.6,-1508041.62,6195569.41,148364.54
639,2230,551148,103.6801362,1.3418705,62.6,-1508041.62,6195569.38,148364.53
640,2230,551149,103.6801363,1.3418705,62.5,-1508041.63,6195569.33,148364.53
641,2230,551150,103.6801365,1.34187033,62.4,-1508041.63,6195569.27,148364.51
642,2230,551151,103.6801365,1.34187033,62.4,-1508041.63,6195569.23,148364.51
643,2230,551152,103.6801368,1.34187033,62.4,-1508041.65,6195569.2,148364.5
644,2230,551153,103.6801368,1.34187033,62.3,-1508041.65,6195569.16,148364.5
645,2230,551154,103.680137,1.34187017,62.3,-1508041.66,6195569.12,148364.5
646,2230,551155,103.6801372,1.34187017,62.3,-1508041.67,6195569.14,148364.5
647,2230,551156,103.6801372,1.34187033,62.3,-1508041.67,6195569.14,148364.52
648,2230,551157,103.680137,1.3418705,62.3,-1508041.67,6195569.16,148364.53
649,2230,551158,103.680137,1.3418705,62.4,-1508041.68,6195569.22,148364.52
650,2230,551159,103.680137,1.3418705,62.4,-1508041.69,6195569.24,148364.52
651,2230,551160,103.680137,1.3418705,62.4,-1508041.69,6195569.25,148364.53
652,2230,551161,103.6801368,1.3418705,62.4,-1508041.68,6195569.26,148364.54
653,2230,551162,103.6801368,1.34187067,62.5,-1508041.68,6195569.27,148364.55
654,2230,551163,103.6801368,1.34187067,62.5,-1508041.67,6195569.27,148364.55
655,2230,551164,103.6801368,1.34187083,62.5,-1508041.67,6195569.29,148364.56
656,2230,551165,103.6801367,1.34187083,62.5,-1508041.67,6195569.3,148364.57
657,2230,551166,103.6801367,1.34187083,62.5,-1508041.66,6195569.32,148364.58
658,2230,551167,103.6801365,1.341871,62.5,-1508041.66,6195569.34,148364.59
659,2230,551168,103.6801365,1.341871,62.5,-1508041.65,6195569.35,148364.6
660,2230,551169,103.6801363,1.34187117,62.6,-1508041.65,6195569.38,148364.61
661,2230,551170,103.6801363,1.34187117,62.6,-1508041.65,6195569.4,148364.62
662,2230,551171,103.6801362,1.34187133,62.6,-1508041.64,6195569.42,148364.63
663,2230,551172,103.6801362,1.3418715,62.6,-1508041.63,6195569.43,148364.64
664,2230,551173,103.680136,1.3418715,62.6,-1508041.63,6195569.46,148364.65
665,2230,551174,103.680136,1.34187167,62.6,-1508041.62,6195569.47,148364.66
666,2230,551175,103.6801358,1.34187183,62.7,-1508041.62,6195569.49,148364.67
667,2230,551176,103.6801358,1.34187183,62.7,-1508041.61,6195569.52,148364.69
668,2230,551177,103.6801357,1.341872,62.7,-1508041.61,6195569.55,148364.7
669,2230,551178,103.6801355,1.341872,62.7,-1508041.6,6195569.56,148364.71
670,2230,551179,103.6801355,1.34187217,62.7,-1508041.6,6195569.58,148364.72
671,2230,551180,103.6801355,1.34187233,62.8,-1508041.59,6195569.6,148364.73
672,2230,551181,103.6801353,1.34187233,62.8,-1508041.59,6195569.61,148364.74
673,2230,551182,103.680135,1.3418725,62.8,-1508041.55,6195569.64,148364.77
674,2230,551183,103.6801348,1.34187267,62.9,-1508041.57,6195569.73,148364.77
675,2230,551184,103.680135,1.3418725,62.9,-1508041.57,6195569.73,148364.77
676,2230,551185,103.680135,1.3418725,62.9,-1508041.57,6195569.72,148364.76
677,2230,551186,103.6801352,1.3418725,62.8,-1508041.58,6195569.69,148364.75
678,2230,551187,103.680135,1.34187233,62.8,-1508041.56,6195569.68,148364.75
679,2230,551188,103.6801348,1.3418725,62.9,-1508041.56,6195569.7,148364.76
680,2230,551189,103.6801348,1.34187267,62.9,-1508041.55,6195569.7,148364.78
681,2230,551190,103.6801345,1.34187283,62.9,-1508041.53,6195569.74,148364.8
682,2230,551191,103.6801343,1.341873,62.9,-1508041.52,6195569.77,148364.81
683,2230,551192,103.6801342,1.341873,62.9,-1508041.5,6195569.8,148364.83
684,2230,551193,103.6801342,1.34187317,62.9,-1508041.49,6195569.81,148364.83
685,2230,551194,103.680134,1.34187317,62.9,-1508041.47,6195569.79,148364.83
686,2230,551195,103.6801338,1.34187317,62.9,-1508041.47,6195569.8,148364.83
687,2230,551196,103.6801338,1.34187317,62.9,-1508041.46,6195569.8,148364.83
688,2230,551197,103.6801338,1.341873,62.9,-1508041.45,6195569.79,148364.83
689,2230,551198,103.6801337,1.341873,62.9,-1508041.44,6195569.8,148364.83
690,2230,551199,103.6801335,1.34187317,62.9,-1508041.42,6195569.82,148364.83
691,2230,551200,103.6801332,1.34187317,63,-1508041.41,6195569.86,148364.85
692,2230,551201,103.680133,1.34187333,63,-1508041.38,6195569.9,148364.86
693,2230,551202,103.6801327,1.3418735,63.1,-1508041.37,6195569.95,148364.87
694,2230,551203,103.6801323,1.34187367,63.1,-1508041.35,6195570,148364.89
695,2230,551204,103.6801322,1.34187383,63.1,-1508041.33,6195570.05,148364.91
696,2230,551205,103.680132,1.34187383,63.2,-1508041.32,6195570.11,148364.92
697,2230,551206,103.6801318,1.341874,63.2,-1508041.31,6195570.12,148364.93
698,2230,551207,103.6801317,1.341874,63.2,-1508041.3,6195570.15,148364.93
699,2230,551208,103.6801315,1.341874,63.3,-1508041.29,6195570.18,148364.93
700,2230,551209,103.6801315,1.34187383,63.3,-1508041.29,6195570.2,148364.92
701,2230,551210,103.6801315,1.34187383,63.3,-1508041.29,6195570.21,148364.91
702,2230,551211,103.6801313,1.34187383,63.3,-1508041.28,6195570.2,148364.92
703,2230,551212,103.6801312,1.341874,63.3,-1508041.27,6195570.22,148364.93
704,2230,551213,103.6801312,1.341874,63.3,-1508041.26,6195570.24,148364.94
705,2230,551214,103.680131,1.34187417,63.3,-1508041.25,6195570.27,148364.95
706,2230,551215,103.6801308,1.34187417,63.4,-1508041.23,6195570.3,148364.96
707,2230,551216,103.6801307,1.34187433,63.4,-1508041.22,6195570.34,148364.97
708,2230,551217,103.6801305,1.34187417,63.4,-1508041.22,6195570.36,148364.97
709,2230,551218,103.6801305,1.34187417,63.4,-1508041.22,6195570.35,148364.96
710,2230,551219,103.6801305,1.341874,63.4,-1508041.22,6195570.37,148364.95
711,2230,551220,103.6801307,1.341874,63.4,-1508041.23,6195570.36,148364.94
712,2230,551221,103.6801307,1.34187383,63.4,-1508041.23,6195570.36,148364.93
713,2230,551222,103.6801307,1.34187383,63.4,-1508041.24,6195570.37,148364.92
714,2230,551223,103.6801307,1.34187383,63.4,-1508041.24,6195570.35,148364.93
715,2230,551224,103.6801307,1.341874,63.4,-1508041.24,6195570.36,148364.94
716,2230,551225,103.6801305,1.34187417,63.4,-1508041.22,6195570.34,148364.95
717,2230,551226,103.6801305,1.34187417,63.4,-1508041.21,6195570.34,148364.97
718,2230,551227,103.6801303,1.34187433,63.4,-1508041.2,6195570.36,148364.98
719,2230,551228,103.6801302,1.3418745,63.4,-1508041.19,6195570.37,148365
720,2230,551229,103.6801302,1.34187467,63.5,-1508041.18,6195570.4,148365.01
721,2230,551230,103.68013,1.3418745,63.4,-1508041.17,6195570.4,148365
722,2230,551231,103.68013,1.3418745,63.5,-1508041.17,6195570.41,148365
723,2230,551232,103.6801298,1.3418745,63.5,-1508041.16,6195570.43,148365
724,2230,551233,103.6801298,1.3418745,63.5,-1508041.17,6195570.47,148364.99
725,2230,551234,103.6801297,1.3418745,63.5,-1508041.16,6195570.5,148364.99
726,2230,551235,103.6801297,1.3418745,63.6,-1508041.15,6195570.52,148364.99
727,2230,551236,103.6801293,1.3418745,63.6,-1508041.14,6195570.55,148365
728,2230,551237,103.6801292,1.3418745,63.6,-1508041.11,6195570.55,148365.01
729,2230,551238,103.6801292,1.3418745,63.6,-1508041.11,6195570.57,148365
730,2230,551239,103.6801288,1.34187467,63.6,-1508041.09,6195570.58,148365.01
731,2230,551240,103.6801287,1.34187467,63.6,-1508041.06,6195570.58,148365.02
732,2230,551241,103.6801285,1.34187467,63.6,-1508041.05,6195570.59,148365.02
733,2230,551242,103.6801285,1.34187467,63.6,-1508041.03,6195570.56,148365.01
734,2230,551243,103.6801285,1.3418745,63.6,-1508041.03,6195570.56,148365
735,2230,551244,103.6801285,1.34187433,63.6,-1508041.03,6195570.54,148364.98
736,2230,551245,103.6801285,1.34187417,63.5,-1508041.02,6195570.53,148364.96
737,2230,551246,103.6801285,1.341874,63.5,-1508041.03,6195570.52,148364.94
738,2230,551247,103.6801285,1.34187383,63.5,-1508041.03,6195570.51,148364.93
739,2230,551248,103.6801285,1.341874,63.5,-1508041.03,6195570.5,148364.93
740,2230,551249,103.6801285,1.341874,63.5,-1508041.01,6195570.49,148364.94
741,2230,551250,103.6801283,1.34187417,63.5,-1508041,6195570.48,148364.95
742,2230,551251,103.6801282,1.34187417,63.5,-1508040.97,6195570.48,148364.96
743,2230,551252,103.6801278,1.34187433,63.5,-1508040.95,6195570.49,148364.99
744,2230,551253,103.6801277,1.3418745,63.5,-1508040.93,6195570.48,148364.99
745,2230,551254,103.6801277,1.3418745,63.5,-1508040.92,6195570.47,148365
746,2230,551255,103.6801278,1.34187467,63.4,-1508040.93,6195570.46,148365.01
747,2230,551256,103.680128,1.34187467,63.4,-1508040.95,6195570.44,148365.01
748,2230,551257,103.680128,1.34187467,63.4,-1508040.95,6195570.44,148365.01
749,2230,551258,103.680128,1.3418745,63.4,-1508040.95,6195570.45,148365
750,2230,551259,103.680128,1.34187467,63.4,-1508040.95,6195570.44,148365.01
751,2230,551260,103.6801278,1.34187483,63.4,-1508040.93,6195570.46,148365.03
752,2230,551261,103.6801277,1.341875,63.4,-1508040.91,6195570.46,148365.04
753,2230,551262,103.6801275,1.34187517,63.4,-1508040.89,6195570.45,148365.06
754,2230,551263,103.6801273,1.34187517,63.4,-1508040.87,6195570.44,148365.07
